{
	"accuracy_XL": 0.5043409629044988,
	"AUC": 0.49790659794358966,
	"accuracy_M": 0.48224151539068666,
	"accuracy_L": 0.5098658247829518,
	"accuracy_S": 0.5074980268350434,
	"accuracy_XS": 0.47987371744277824
}